 21Alp And,-0.29830361305078,0.03659140721737278,0.5077307316040216,9.183564230629088e+17,
 11Bet Cas,1.16677156542104,0.04000365069606321,1.0323660598158761,5.152241745686045e+17,
   Eps Phe,0.714914879889254,0.04105449773072573,-0.798435569753521,1.325462878647496e+18,
 88Gam Peg,-2.21608654098431,0.057752214528200396,0.26500409033676087,3.1518667839544223e+18,
  8Iot Cet,-1.18230804742336,0.08477086168085032,-0.15400487706053914,2.740388615889317e+18,
   Bet Hyi,3.45195595808307,0.11193393046577965,-1.3483547264133195,2.3065313062426157e+17,
   Kap Phe,2.07245552483561,0.11432751514453747,-0.7623582347810903,7.258709907060383e+17,
   Alp Phe,0.523472656360407,0.11467303012257316,-0.7383636688342898,7.322443240368686e+17,
 17Zet Cas,-2.62403678647631,0.16131692907484746,0.9406789133167084,5.651424141925582e+18,
 31Del And,0.808604883428068,0.17159476201480323,0.5386300012368881,9.585826596742368e+17,
 18Alp Cas,-1.98788013442676,0.17674274590657754,0.9867639424835967,2.1623528952287107e+18,
 16Bet Cet,-0.300052242937249,0.19018476740528403,-0.313926859061113,9.064857759962907e+17,
 24Eta Cas,4.58641715047222,0.21417375946858544,1.0090891195013547,1.8368221807794346e+17,
 27Gam Cas,-4.22044183852476,0.24743686394497783,1.0597071926761477,5.800145829870994e+18,
 37Mu  And,0.754713493067187,0.24762568937142185,0.6719387615838176,1.2894599170461228e+18,
   Bet Phe,-0.597850845618744,0.28835068115667584,-0.8153914793904286,1.8746522366290232e+18,
   Zet Phe,-0.726507247885023,0.29838294888886985,-0.9642216725122963,2.646378714829648e+18,
 31Eta Cet,0.674749347889309,0.2992704173975824,-0.17770816780100118,1.1127578728782424e+18,
 43Bet And,-1.86108350332348,0.3042543447029924,0.6217007741707522,1.8861109911316436e+18,
 45The Cet,0.872699924824095,0.3666246768700249,-0.14281599429381417,1.0834542069843293e+18,
 37Del Cas,0.240031151930239,0.37441697856823386,1.0513061168187174,9.40468631969328e+17,
   Gam Phe,-0.868686131190047,0.3855680774001142,-0.7560369965838283,2.2135420240253722e+18,
   Del Phe,0.656868652795442,0.39815189170768234,-0.8564867679092343,1.3930824295672105e+18,
 99Eta Psc,-1.1553422692542,0.39917089608280687,0.2678352775791469,2.7823963764575017e+18,
   Alp Eri,-2.77178474889566,0.4263513326391228,-0.9989681710662681,1.3605280341672701e+18,
 51    And,-0.0438358297847716,0.4275694773365706,0.8487271981158172,1.644817474142521e+18,
 52Tau Cet,5.68009966023162,0.45415848289590943,-0.2781977329824185,1.1254614222895904e+17,
 55Zet Cet,-0.759871349460687,0.48633676663108466,-0.18037882280038142,2.4508956167524787e+18,
  2Alp Tri,1.95230868815677,0.49341183749049133,0.5162578731169222,6.06581006780298e+17,
  5Gam2Ari,-0.104835564926447,0.49536554421987516,0.336745442752805,1.9333819432903311e+18,
 45Eps Cas,-2.30971819088479,0.4991411443048798,1.1112536979353291,4.181134934270145e+18,
  6Bet Ari,1.33152396537052,0.5002076574149082,0.36317333784155686,5.6369703717416416e+17,
   Chi Eri,2.47660048273336,0.5059151353963419,-0.9007572140320736,5.395484492903259e+17,
   Alp Hyi,1.16148080135365,0.5182080225162244,-1.0745979016821259,6.746125014191881e+17,
 59Ups Cet,-0.834853588988159,0.5236151223520731,-0.3678765191629398,2.846566034586135e+18,
113Alp Psc,0.67071423525551,0.5325290878193442,0.048236720112498896,1.315853979314018e+18,
 50    Cas,0.468139881919449,0.53859335909644,1.263989079744767,1.533636968932092e+18,
 57Gam1And,-3.08342244306944,0.5406098505550058,0.7387952250537904,3.3576469874769956e+18,
 13Alp Ari,0.482148454785415,0.5548900411197084,0.40950271781611336,6.236211765342304e+17,
  4Bet Tri,0.0948191535181135,0.5652336694818059,0.6106451877840556,1.17594420026348e+18,
   Phi Eri,0.177291834247339,0.5956299868859934,-0.8990559494567704,1.4651840367955238e+18,
  1Alp UMi,-3.63739102249397,0.6622852001051102,1.5579531129272508,4.0815841025018035e+18,Polaris
 86Gam Cet,1.46832389394208,0.7125397236401736,0.056481849928598775,7.756856665388065e+17,
 41    Ari,0.163466561716803,0.7416914362827884,0.4757905498741937,1.5088887929053156e+18,
 15Eta Per,-4.28416957817734,0.7448041864978245,0.9755610277932845,1.2594602373434149e+19,
 18Tau Per,-0.475371235871117,0.760342687022051,0.9208791704797866,2.346522875658838e+18,
  3Eta Eri,0.834943925623571,0.76980682913877,-0.15529258586958247,1.2599745126547046e+18,
   The1Eri,-0.591094243725088,0.777814390147609,-0.7034503283230005,1.526052216365664e+18,
 92Alp Cet,-1.60575898178345,0.7953450164613789,0.07138266421641318,2.0821036312357437e+18,
 23Gam Per,-1.56756444343802,0.8063268593710531,0.9338637289642406,2.425847155260512e+18,
 25Rho Per,-1.67349533489791,0.807978140683639,0.6778951837304449,3.076448236781028e+18,
 26Bet Per,-0.180991214203619,0.8210414013000533,0.7148109607383666,8.78109727231465e+17,
 27Kap Per,1.10573068363175,0.8268227590687239,0.7829178578460149,1.0621953808920371e+18,
   Alp For,3.05200573998579,0.8380692890134448,-0.5059553509239006,4.3546113201966886e+17,
 16Tau4Eri,-0.792983247223345,0.8705534800972755,-0.37974772810328933,2.4431334770319636e+18,
 33Alp Per,-4.50424200574107,0.8915249828887795,0.8702428561708494,5.600140801254766e+18,
  1Omi Tau,-0.449578131425308,0.8936694890119912,0.15758691332471353,2.0010879257401884e+18,
  2Xi  Tau,-0.43636972209974,0.9039439002339485,0.16986892372723056,2.1019602053755932e+18,
 18Eps Eri,6.18205568656841,0.929127598095508,-0.16507857856860797,9.92977500077673e+16,
 39Del Per,-3.03505762455592,0.9726925058638031,0.8340518918865336,4.993005795293484e+18,
 23Del Eri,3.73838292801359,0.9741086939441393,-0.17043486907740413,2.7904481655736755e+17,
   Bet Ret,1.41340272062491,0.9782246751211849,-1.1310971686003963,9.433438035742501e+17,
 38Omi Per,-4.43803863157445,0.9787752942115979,0.5635366779961103,1.3962341997698494e+19,
 17    Tau,-1.55758663924916,0.981203999278229,0.42085906858975863,3.506451797149295e+18,
 41Nu  Per,-2.39051191990955,0.9825944367707813,0.7431357899629948,5.265661401862422e+18,
 20    Tau,-1.34435901161593,0.9853542159612171,0.42529935306030864,3.4058251451339674e+18,
   Gam Hyi,-0.826500483319787,0.9915092949739649,-1.2957192159860393,2.0260522531131768e+18,
 25Eta Tau,-2.41038190084137,0.9925879555755872,0.42071583866829243,3.478779686010565e+18,
 27    Tau,-1.71509589038401,0.9999086675645782,0.4198131926018716,3.6005572712851436e+18,
 44Zet Per,-4.55430958147982,1.0215934584961042,0.55647480549104,9.294209582805318e+18,
 45Eps Per,-3.18763687916857,1.0378324870581914,0.6983110010897832,5.091877197180478e+18,
 34Gam Eri,-1.18603989842909,1.0385967187410852,-0.23576334635460658,2.0919848010110976e+18,
 46Xi  Per,-4.69591088495232,1.0426814908131112,0.6246712639947215,1.6769986855931353e+19,
 35Lam Tau,-1.86512045793976,1.0501661101628155,0.21799818095062443,3.5024717156542326e+18,
 38Nu  Tau,0.920446752860484,1.06096941897998,0.10453316354012539,1.222534699481524e+18,
 48    Per,-2.18942352606449,1.084989256247152,0.8327418528114414,5.238841394722193e+18,
   Alp Hor,1.07412599754874,1.108289988191905,-0.7381673362231341,1.1079632249520165e+18,
   Alp Ret,-0.167022580550182,1.1101334773790252,-1.0903766282773995,1.544383173919603e+18,
 41Ups4Eri,-0.14130726323731,1.125273294087548,-0.5898921654828492,1.688931352759371e+18,
 54Gam Tau,0.278604290097061,1.1335574513855846,0.27275482492443853,1.4575708934772634e+18,
 61Del1Tau,0.410878307191613,1.1472650814531828,0.3061758553436647,1.4493553694182108e+18,
 43    Eri,-0.643160473579216,1.1520747734120307,-0.5937084128898694,2.582156971959304e+18,
 77The1Tau,0.415651585918009,1.171874587807452,0.27859324623300313,1.4935515883307697e+18,
 74Eps Tau,0.145228677408507,1.17205646246015,0.3347632423016519,1.466576797286774e+18,
 78The2Tau,0.101228807839659,1.1722558384019222,0.277000277068858,1.4096288631755922e+18,
   Alp Dor,-0.357110140585784,1.1955300605406667,-0.9607165843241839,1.6625418003725059e+18,
 52Ups2Eri,-0.221594852293592,1.2023189008934048,-0.5334129450673015,1.9754658012108636e+18,
 87Alp Tau,-0.631244841552428,1.2039281503142796,0.28814969933745876,6.160266682953431e+17,
 48Nu  Eri,-2.34462604208971,1.2056691240971256,-0.05851125560189886,5.549779822826215e+18,
 53    Eri,1.23399409400316,1.2137943848747315,-0.24964468799545816,1.0340742565319593e+18,
  1Pi 3Ori,3.66759021161575,1.2646465388162749,0.12149668787402641,2.4764667588213232e+17,
  3Pi 4Ori,-4.25350117959374,1.2706263117229648,0.09782747538534124,1.1913813055951233e+19,
  8Pi 5Ori,-4.36196863200844,1.283914785262733,0.042597753460055864,1.2698261652227863e+19,
  3Iot Aur,-3.28930283832325,1.2958790591730562,0.5788582623686478,4.84407783593623e+18,
  7Eps Aur,-5.94940008672038,1.317587885906376,0.7648611179117275,1.9285484884321063e+19,
  8Zet Aur,-3.22499829439551,1.3198092563298456,0.7169095154839661,7.453327491525055e+18,
  2Eps Lep,-1.01969603031697,1.3328244715226112,-0.3904451064304321,2.1443207654561306e+18,
 10Eta Aur,-0.958445157390228,1.337421736840205,0.7196802467899911,2.0751026102833695e+18,
 67Bet Eri,0.603921922519934,1.3432514934616981,-0.08877203283077169,8.405550480771908e+17,
  5Mu  Lep,-0.471360835451384,1.365420021594036,-0.28283809292270506,1.7443061512104986e+18,
 19Bet Ori,-6.69343774519163,1.3724302918689746,-0.1431456079261008,7.312032183628846e+18,
 13Alp Aur,-0.479383463510458,1.3818132107256287,0.8028345134827437,3.9923374065097146e+17,
 20Tau Ori,-2.56311336961931,1.385820437818989,-0.11945707376993142,5.247750988930891e+18,
 28Eta Ori,-3.85645714733417,1.4157977845729122,-0.04183795840412054,8.523971219589422e+18,
 24Gam Ori,-2.72123742083513,1.4186522068600311,0.11082377382700881,2.2993126538683835e+18,
112Bet Tau,-1.36987551695703,1.4237158232810934,0.49930158387090234,1.2397258262319675e+18,
  9Bet Lep,-0.632290207994025,1.4322409145557213,-0.3623169510288285,1.5059431827678733e+18,
   Eps Col,-0.786117685782826,1.445186106266232,-0.619075893921664,2.6216462034761016e+18,
 34Del Ori,-4.99275001013562,1.44865234848665,-0.005220164600984408,8.667633655874622e+18,
 11Alp Lep,-5.39583141690031,1.45180951558582,-0.3110576803642342,1.21483369350054e+19,
   Bet Dor,-3.75535175963392,1.4557148660654118,-1.0906537336791398,9.826998667169974e+18,
 39Lam Ori,-4.16020760287583,1.462315218712916,0.1733838517325999,9.986011590586968e+18,
 44Iot Ori,-5.2953244644831,1.463602648618345,-0.10314721067108606,1.2543404802810436e+19,
 46Eps Ori,-6.38196863200844,1.4670083261683895,-0.020977413349015813,1.2698261652227863e+19,
123Zet Tau,-2.56396623470076,1.4732530924154092,0.3690078600845726,3.945879260219131e+18,
 48Sig Ori,-3.96340829976481,1.4780586427079425,-0.045379745804947594,1.0865061906659752e+19,
   Alp Col,-1.92533212531642,1.4819983334132318,-0.5947043516917313,2.537563800568562e+18,
 50Zet Ori,-5.25513552156626,1.4868405199120935,-0.03390438923265634,7.733527773161325e+18,
 13Gam Lep,3.82617957729841,1.50301755437915,-0.39178255049090616,2.7676720616121357e+17,
 14Zet Lep,1.88586336239434,1.513880393759106,-0.2586917796731557,6.640149734218561e+17,
   Bet Pic,2.42458123996793,1.5153154601932965,-0.8912822850824459,5.948867517816407e+17,
 53Kap Ori,-4.65430782594309,1.5173738290819347,-0.16876638981396777,6.826720313033994e+18,
   Bet Col,1.01548663276322,1.5313484526371859,-0.6242919208705907,8.133045813103251e+17,
 15Del Lep,1.07573068363175,1.532919248963981,-0.3643813547424212,1.0621953808920371e+18,
 32Nu  Aur,-0.125072096066347,1.5336639111426367,0.6832698619810426,2.0340656436989926e+18,
 58Alp Ori,-5.1373773102256,1.5497279608479007,0.12927717194787017,4.04413837679078e+18,
 16Eta Lep,2.8231283938707,1.555111509210823,-0.24727891252033699,4.642210894375466e+17,
   Eta Col,-2.09915814429416,1.5670722671553678,-0.7472645973901803,5.025533520344262e+18,
 33Del Aur,0.549311077012776,1.56872740739093,0.9474516697622576,1.3288878473261722e+18,
 34Bet Aur,-0.104953800883282,1.5687433405016713,0.784480729679874,7.768573971529117e+17,
 37The Aur,-0.975748399916676,1.5695773705193463,0.6494852571384114,1.6387029110416202e+18,
  5Gam Mon,-2.489247415801,1.6356161430459697,-0.10951465227150446,6.098177038520503e+18,
  7Eta Gem,-1.83826561884953,1.6357150613266556,0.39281817877809005,3.303723320654574e+18,
  1Zet CMa,-2.04614132866878,1.6594290278970862,-0.5247049052388866,3.181110908754001e+18,
   Del Col,-0.458486509168592,1.6672872271191983,-0.5835730448935686,2.2441291501755412e+18,
  2Bet CMa,-3.94543409362463,1.6698428446750528,-0.3133898645344398,4.725386801671305e+18,
 13Mu  Gem,-1.38852951282627,1.6709775800875477,0.39294081451251434,2.1930899655233613e+18,
   Alp Car,-5.52857845786735,1.6753045061213125,-0.9197137806279083,2.958463644766415e+18,
 11Bet Mon,-2.87029000682956,1.6965381434038318,-0.12274988628777006,6.537452503159682e+18,
  7Nu 2CMa,2.46258348719075,1.7308574827462877,-0.3360755267428267,6.12116163755479e+17,
 24Gam Gem,-0.604802058411743,1.7353446823652632,0.2862237840093532,9.915416392967132e+17,
   Nu  Pup,-2.39472810974521,1.7355606197363076,-0.7539110961940415,4.002175851480389e+18,
 27Eps Gem,-4.15246399047171,1.7624865506357685,0.43862140498955626,8.547583328230926e+18,
  9Alp CMa,1.45439890714285,1.7678185349912696,-0.2916993747538402,8.137120807709122e+16,
 31Xi  Gem,2.13013606486721,1.7684136704495839,0.22507862253720537,5.4115706444955635e+17,
   Alp Pic,0.829936015125391,1.7810748386222652,-1.081091494110082,9.361885866175267e+17,
 13Kap CMa,-3.42024974171799,1.7882691119789247,-0.567380142067486,7.471374289325355e+18,
   Tau Pup,-0.80180889775894,1.7886815454984757,-0.883387924209029,1.7286709140007665e+18,
 34The Gem,-0.300768069878196,1.8011317949943766,0.5927377223700327,1.859962375823611e+18,
 16Omi1CMa,-5.02258027893047,1.8069942660673692,-0.4220943176884089,1.870107625146285e+19,
 21Eps CMa,-4.10452060249964,1.8265995399557107,-0.5056583496413521,4.0761923137270436e+18,
 22Sig CMa,-4.36932602985605,1.8400971179025016,-0.4875549628157454,1.1513722318997651e+19,
 24Omi2CMa,-6.46098139522021,1.8457928437094173,-0.41596957947937774,2.42966738700108e+19,
 25Del CMa,-6.86964306007463,1.8692102517873306,-0.46064837557491733,1.6954272425776744e+19,
   Gam2Vol,0.590526596468866,1.870762028388602,-1.2304430614108837,1.3404333542534195e+18,
   Del Vol,-2.56136525538176,1.906032683874467,-1.1860764101216803,6.246310893707231e+18,
   Pi  Pup,-4.91891867961872,1.9073950093487573,-0.6474732904459315,1.035462275668246e+19,
 54Lam Gem,1.27475281007181,1.9115432677723245,0.28868575313166517,8.920721542328324e+17,
 55Del Gem,2.21950775242589,1.9203995431265004,0.38366419999540774,5.5647927529149965e+17,
 31Eta CMa,-7.50699914119041,1.9377303510575326,-0.5114359214418094,3.0251740995013427e+19,
 60Iot Gem,0.846498820406259,1.9448550067209884,0.48517161030426037,1.1913813055951232e+18,
  3Bet CMi,-0.698022476287371,1.951065194504868,0.14467747887272017,1.6104789047449736e+18,
   Sig Pup,-0.505231922521462,1.9601413446928806,-0.7557605753511547,1.7393898430052826e+18,
 66Alp Gem,0.585989172295745,1.9835670256314486,0.5565617000239761,4.876999496588225e+17,
          ,-1.9193777787885,2.002029461416243,-0.4678161747302849,4.297601088428089e+18,
 10Alp CMi,2.68129862133236,2.0041134421389892,0.0912372205147572,1.0791723783763069e+17,
 26Alp Mon,0.711502811726799,2.012573824458935,-0.16669784809925145,1.3647401952637635e+18,
   Zet Vol,0.863386419804189,2.0150695972927326,-1.267216117784415,1.2666985145695268e+18,
  3    Pup,-11.06,2.023743600059141,-0.5053572086123509,5.2456518885353290000e+19,
 77Kap Gem,0.352997178624855,2.0265358685536023,0.42582768743776644,1.357535231628408e+18,
          ,-4.52466068864132,2.030058185584893,-0.6626770558437143,1.3130542899963275e+19,
 78Bet Gem,1.08803041526218,2.0303534324624772,0.48915139209513264,3.189660514256124e+17,
  7Xi  Pup,-4.74092317009784,2.047682727193048,-0.4338850823091389,1.2750733807815586e+19,
          ,-1.41054431799104,2.0604372111395164,-0.7081812872575605,3.261815625255149e+18,
   Chi Car,-1.91086212687629,2.0803409651278817,-0.924717336429685,3.660353002955357e+18,
   Zet Pup,-5.9532203948699,2.110035442879276,-0.6981873499227998,1.3243251422709737e+19,
 15Rho Pup,1.4095990871679,2.127316529870577,-0.4241924444792758,5.935136721468306e+17,
   Gam2Vel,-5.30584137202896,2.135988867592879,-0.8261797321248007,7.952777271884987e+18,
 17Bet Cnc,-1.21810121869271,2.1664588919967076,0.16032006245595526,2.7477093334740613e+18,
   Eps Car,-4.57675149186394,2.1926327544128315,-1.0386373795021362,5.979995312967768e+18,
          ,0.992370395501105,2.206363129611242,-0.06817892789307564,1.1827050906444498e+18,
   Bet Vol,1.1707536263664,2.206695858307177,-1.154300037141463,1.0214093285307418e+18,
  1Omi UMa,-0.402785192787088,2.2264605418427497,1.0597365393403222,1.7374310706595548e+18,
   Bet Pyx,-1.40860356969059,2.2693742890837414,-0.6162461041644101,3.673425692251629e+18,
          ,-2.30557292702995,2.270208604462749,-0.9236626683456911,4.682363553097687e+18,
          ,-6.12405350465031,2.271660577901404,-0.8141743653099041,2.9387405538013032e+19,
   Alp Pyx,-3.38706347664122,2.2846030809322015,-0.5792121446296504,7.993983371739289e+18,
 47Del Cnc,0.83834017016827,2.289370929494898,0.31686215187725486,1.2873081274473792e+18,
   Del Vel,-0.0113834599632909,2.289449992910013,-0.9548446401276103,7.544443964526563e+17,
          ,-4.5189035263304,2.295228298097822,-0.8035764517260361,1.4693702769006516e+19,
 11Eps Hya,0.292786609543929,2.2985001752167498,0.11203105995851532,1.2787723089479365e+18,
          ,-1.06441854776464,2.3345859797484416,-1.0584498974510508,2.95280151338887e+18,
 16Zet Hya,-0.213713717827341,2.336100285003337,0.10376903413352567,1.4259138546632934e+18,
  9Iot UMa,2.29273928840474,2.35276482658239,0.838497180216049,4.516506998670046e+17,
          ,2.88165974011074,2.3590126323203022,0.7292586707972024,5.070124189108402e+17,
   Alp Vol,1.09481915351811,2.3668700016383553,-1.1588260820300014,1.17594420026348e+18,
 12Kap UMa,-1.99472810974521,2.372015809977217,0.8230389697243361,4.002175851480389e+18,
          ,-1.13373770183144,2.374325590053946,-0.8220101752738384,2.9248128734515354e+18,
   Lam Vel,-3.99443866802464,2.391084863741474,-0.7580422926279072,5.422983447260741e+18,
          ,-2.11231271163718,2.4040532561137318,-1.029167080736481,3.961075200887507e+18,
          ,-1.96543409362463,2.405410437230052,-1.0876371069490587,4.725386801671305e+18,
   Bet Car,-0.992699452463681,2.4138078646512136,-1.216799440420938,1.0516965172090545e+18,
 22The Hya,0.909033052737113,2.4188658628574133,0.04040479490241357,1.2177101742270595e+18,
   Iot Car,-4.42489546435552,2.4307657472083077,-1.0345484720469804,6.551332444779993e+18,
 38    Lyn,0.956618931786236,2.4384189391838156,0.6423317379179178,1.1535243295294856e+18,
 40Alp Lyn,-1.02489102104872,2.448075804919863,0.6002628153814918,2.100529327087385e+18,
   Kap Vel,-3.62122312673766,2.4526842333633523,-0.9601177569709027,5.100293523126228e+18,
 30Alp Hya,-1.68591088495232,2.476567798813187,-0.15112253334511255,1.6769986855931354e+18,
   Psi Vel,2.25754091798013,2.4901567238023694,-0.7062804271780649,5.7258815763432365e+17,
          ,-1.15322944314634,2.4924286188896905,-0.9954379202917967,2.2490361381132434e+18,
 23    UMa,1.82741873407456,2.4937533159379726,1.100635962821679,7.142772179378156e+17,
 25The UMa,2.520555776822,2.4996260286030156,0.90196175912399,4.1613993007301126e+17,
 35Iot Hya,-0.735076276860348,2.5300972023061563,-0.0199431307106852,2.6083496039656556e+18,
 14Omi Leo,0.431886517340569,2.5357538074305532,0.17265493382006036,1.2793024798886287e+18,
          ,-4.63773124424534,2.5536223198881984,-1.0909690698200134,1.4285544358756344e+19,
 17Eps Leo,-1.45861351719207,2.556260302149448,0.41493942698818903,2.3717736983023606e+18,
   Ups Car,-5.56401971289756,2.561717015587279,-1.135720980375913,1.5351629758663524e+19,
 29Ups UMa,1.04276531614463,2.5787015493220506,1.0304267586850724,1.0884224273338154e+18,
 24Mu  Leo,0.827602329231887,2.58642942742691,0.4539092617469636,1.2584329451433e+18,
   Phi Vel,-5.34056647693163,2.604304304227673,-0.9523877284458719,1.825844722775959e+19,
 30Eta Leo,-5.596542845912,2.649988195296863,0.2925637082251859,2.0167827330008953e+19,
 32Alp Leo,-0.519105371259887,2.6545337552353665,0.20886695724713084,7.331141794942679e+17,
 41Lam Hya,0.879647960288644,2.66420125788054,-0.2156151694764752,1.0849780525637723e+18,
   Ome Car,-1.98512045793976,2.6779371308660935,-1.2223923347444514,3.5024717156542326e+18,
          ,1.35666589322783,2.682300077877626,-0.7351686837663547,9.727861227904682e+17,
 36Zet Leo,-1.07505180299411,2.690818056062888,0.40870948260077566,2.4567496667924905e+18,
          ,-3.37798136888465,2.692534365725409,-1.0704509178725112,6.965412147836036e+18,
 33Lam UMa,0.375348881659674,2.692601388986679,0.7489987729410569,1.2713957896544586e+18,
 41Gam1Leo,-0.918476559358342,2.705126657097154,0.3463057923048157,1.1886277278472136e+18,
 34Mu  UMa,-1.35198654154958,2.715427117358197,0.7243017522874342,2.353682365744751e+18,
          ,2.94036974213152,2.7244400901179464,-1.2920942060504894,5.00353102236319e+17,
 42Mu  Hya,-0.57702317388119,2.731840616886296,-0.2938453055893204,2.348308661713371e+18,
          ,-3.71227831226776,2.7396393300515114,-1.0251960800461413,9.858394829045918e+18,
          ,-2.6154808031217,2.757728123132045,-1.07661263768853,4.70377680105392e+18,
 47Rho Leo,-7.38062572163754,2.7611599727668876,0.16243071285686983,5.413469441212928e+19,
          ,1.7222826620281,2.780764500526974,-0.8416957884129784,8.182650706686196e+17,
   The Car,-2.90505593119712,2.8054296366331566,-1.1238956851140638,4.1529980908363136e+18,
   Mu  Vel,-0.0602950561333118,2.822060835442179,-0.8625439009642224,1.0949884959160292e+18,
   Nu  Hya,-0.0309677074629202,2.8345188472899285,-0.28264092429883775,1.3108231017380493e+18,
 46    LMi,1.40873233405782,2.850605532170261,0.5971742892892761,9.238555633207681e+17,
          ,1.41879376260486,2.8514001194921703,-1.0271832452608844,9.153597097274893e+17,
 48Bet UMa,0.407623514268262,2.887821108398055,0.9840575564056379,7.513215440689955e+17,
 50Alp UMa,-1.08362604394827,2.896071142763886,1.0777603412464332,1.1697034046593533e+18,
          ,-7.36818655252878,2.917273892954633,-1.029308659052876,5.610322875438861e+19,
 52Psi UMa,-0.26725720725763,2.9219618324901915,0.7766462686809186,1.3893190371415444e+18,
 68Del Leo,1.32101076588261,2.9413460900993647,0.3582119662987351,5.459443703983301e+17,
 70The Leo,-0.350636615673881,2.9419299603300226,0.26930016889772707,1.680652277500747e+18,
 54Nu  UMa,-2.06629519658554,2.960424228302379,0.5776034306757901,3.9866635419785226e+18,
 12Del Crt,-0.319925943135679,2.964188853757047,-0.25794297076672995,1.842195571039623e+18,
   Pi  Cen,-1.06766978875384,2.9714552109571426,-0.9510476061776608,3.040076434966866e+18,
 78Iot Leo,2.07764611818566,2.984176229087869,0.18377789445373996,7.478617502402733e+17,
  1Lam Dra,-1.23275091166654,3.016822589184478,1.210056346195092,3.161554899069038e+18,
   Xi  Hya,0.549586252587873,3.0238017655461276,-0.5560186862057787,1.223019255446441e+18,
   Lam Cen,-2.38543466131165,3.035922294421059,-1.0999034381862405,3.8764793737328896e+18,
   Lam Mus,0.655877731089947,3.07880205748352,-1.1646380240758194,1.2138778841429453e+18,
 63Chi UMa,-0.204233390226474,3.0807340479536864,0.8339067452444828,1.8543735465693315e+18,
 94Bet Leo,1.91506951519025,3.0938781391310832,0.2543352580912649,3.422446297128843e+17,
  5Bet Vir,3.40279367897982,3.100961833662324,0.030811642061644558,3.3635029229249645e+17,
 64Gam UMa,0.364766175939929,3.1146666781844363,0.9371498811311207,7.914023035371543e+17,
   Del Cen,-2.83773025725037,3.1780659343053967,-0.8852730588719642,3.7402152502925635e+18,
  2Eps Crv,-1.82295767874188,3.1857731800005036,-0.39478984843613535,2.8703977502245304e+18,
   Rho Cen,-1.13453549680837,3.1924363775910494,-0.9140012760982288,3.237856853611088e+18,
   Del Cru,-2.44845995168937,3.207679322314414,-1.0253617681662903,3.4438365864859085e+18,
 69Del UMa,1.33301260210128,3.208893210153816,0.9954066146700695,7.704563249666331e+17,
  4Gam Crv,-0.938868563694196,3.210567181619343,-0.3061653728961772,1.5599987772959398e+18,
 15Eta Vir,-0.530284115304724,3.228451247578617,-0.01163693199859096,2.362693400835659e+18,
   Eps Cru,-0.63331981267469,3.23480860065236,-1.0542027771209321,2.157816490553405e+18,
   Alp1Cru,-4.19339523538628,3.2576527858807176,-1.1012862796568221,3.0340979169040015e+18,
   Sig Cen,-1.75561092831251,3.2639410762759598,-0.8766894390280678,4.19249671398283e+18,
  7Del Crv,0.787454771743915,3.2719093464326776,-0.2882427660527616,8.314949020456404e+17,
   Gam Cru,-0.563715833356949,3.2775777482374884,-0.9968023771621697,8.319432681292466e+17,
   Gam Mus,-1.14485264723191,3.2832632795762433,-1.25895792871672,3.0642279855922253e+18,
  5Kap Dra,-2.06879350004108,3.2876943467884807,1.2180340421769684,4.710958139681486e+18,
  9Bet Crv,-0.509495741453243,3.2916352679508925,-0.4083481062450308,1.3220555190622853e+18,
   Alp Mus,-2.16917790287765,3.3038416382270888,-1.2066426910941026,2.891919007958172e+18,
   Tau Cen,0.819630032929185,3.3061137741698468,-0.8472053015513401,1.245731764833012e+18,
   Gam Cen,-0.809431541347487,3.3227581912299597,-0.854511203898029,1.2337775215879122e+18,
 29Gam Vir,2.37505434487826,3.323397937303955,-0.025298936890613927,3.650393447878117e+17,
   Bet Mus,-1.85819358676146,3.3435323103730323,-1.1887104884304596,2.9443488373009265e+18,
   Bet Cru,-3.91929133630484,3.349819077095837,-1.0417649077690145,3.3358676556663424e+18,
 77Eps UMa,-0.213474769294453,3.377330854811333,0.9766835094236341,7.656768192286273e+17,
 43Del Vir,-0.574522297903909,3.384228564439488,0.05929928258021566,1.9153802492187267e+18,
 12Alp2CVn,0.246458555294693,3.386072624349273,0.6687795592562069,1.0424586423957335e+18,
 47Eps Vir,0.368953415285906,3.4129012156183567,0.19127241051843466,9.672970474894564e+17,
   Del Mus,1.38607702563037,3.4132660592451938,-1.2487621122889738,8.59280863684592e+17,
 46Gam Hya,-0.0473945503403379,3.4859499966205303,-0.40441743976463884,1.24976815775268e+18,
   Iot Cen,1.47693560660004,3.4932812643608377,-0.6407466902796487,5.545790045814829e+17,
 79Zet UMa,0.332241923558545,3.5077787170014867,0.9586293391376044,7.394386727753096e+17,
 67Alp Vir,-3.545898098226,3.5133190256018354,-0.19480047230095818,2.4804482166329354e+18,
 80    UMa,2.01059003096017,3.5134507290198553,0.9597216288408227,7.677724761113132e+17,
          ,-4.02513326014591,3.538849112851386,-0.6877867822882513,1.1867990698043742e+19,
 79Zet Vir,1.62423854186447,3.554781516734495,-0.010401083902941397,6.926324537578839e+17,
   Eps Cen,-3.01740137411754,3.5774357429450596,-0.9331640680059522,3.5549280892757596e+18,
 85Eta UMa,-0.597945259949115,3.6108350485529543,0.8606795002892023,9.52663655909655e+17,
   Nu  Cen,-2.40521631470225,3.6193981635706667,-0.7275869193904845,4.491524863888451e+18,
   Mu  Cen,-2.57154675489941,3.619886160247518,-0.7413056497521253,4.984939550066836e+18,
  8Eta Boo,2.40660420396138,3.642001543104133,0.3211159281950088,3.499691030386047e+17,
   Zet Cen,-2.80802073871643,3.6457335431190936,-0.8253359451930083,3.6387707328907725e+18,
   Phi Cen,-1.94140991016671,3.657649035949488,-0.7347959241986953,4.401822512826481e+18,
   Ups1Cen,-1.6667448306135,3.6594297587333835,-0.7819691394506645,3.9509316024217395e+18,
   Bet Cen,-5.4245419991171,3.6818771058317212,-1.053707252315418,4.968884994350047e+18,
 11Alp Dra,-1.21168040901103,3.684348308792974,1.1235698209726093,2.9220431642910705e+18,
 49Pi  Hya,0.787255304509849,3.6929908118570425,-0.4656890796626252,9.591786078617887e+17,
  5The Cen,0.702580523798834,3.69437658146651,-0.6347534854935686,5.76546633313036e+17,
 16Alp Boo,-0.306712839293398,3.733575418956577,0.3348810354455336,3.472906675848474e+17,
   Iot Lup,-1.61460132927752,3.749856822367573,-0.8038652113893237,3.3286705301956664e+18,
 25Rho Boo,0.274202749061658,3.8040802089137085,0.5300764773270145,1.4076996265927788e+18,
 27Gam Boo,0.955426831738438,3.8051637651638823,0.6685986961963434,8.058703529619667e+17,
   Eta Cen,-2.54962506346287,3.8201222386724645,-0.7357914662872183,2.919278695829111e+18,
   Alp2Cen,5.70237067952252,3.8382256087429103,-1.061849090928391,4.157922682977649e+16,
   Alp1Cen,4.34237067952252,3.8383352503265207,-1.0617736173064813,4.157922682977649e+16,
 30Zet Boo,0.0647907628046589,3.8447363841118856,0.2396045790225337,1.707624560869602e+18,
   Alp Lup,-3.82741517135725,3.8481436638741835,-0.8270790915617071,5.186012742002293e+18,
   Alp Cir,2.1055809751096,3.8506824791453287,-1.1340201690626162,5.0609768435154586e+17,
107Mu  Vir,2.51339183425457,3.853073377762368,-0.09874076499313952,5.763312628859497e+17,
 36Eps Boo,-1.69134803318572,3.8614864922028467,0.4725334755907835,1.9843585733063465e+18,
109    Vir,0.749889818346774,3.8669945287926613,0.033038005872104176,1.2172298151839736e+18,
   Alp Aps,-1.67363406341198,3.8740292485124264,-1.3795904880210548,3.891144491161867e+18,
  7Bet UMi,-0.872743289310312,3.886440665305135,1.2942572138855029,1.196462807867922e+18,
  9Alp2Lib,0.879133566428556,3.887195658087633,-0.279978920023895,7.303378891103822e+17,
   Bet Lup,-3.34755976670415,3.920587934381966,-0.7528279980927961,4.952933517642646e+18,
   Kap Cen,-2.96122312673766,3.923332825041218,-0.7348559064526975,5.100293523126228e+18,
 42Bet Boo,-0.642611782735027,3.9354842514798967,0.7049495975663901,2.0695356012685245e+18,
 20Sig Lib,-1.50973413442196,3.944754041585095,-0.44125162856414935,2.762468739025397e+18,
   Pi  Lup,-2.0054808031217,3.949324171396144,-0.8211982498511399,4.70377680105392e+18,
   Kap1Lup,0.143051702836865,3.97907151691591,-0.8506333718502205,1.7248058029577254e+18,
   Zet Lup,0.650438333461706,3.980601742191577,-0.9093003898848123,1.0996712692414017e+18,
 49Del Boo,0.691132008890816,3.9946298723057074,0.5814582243774723,1.104394266818671e+18,
 27Bet Lib,-0.843979101647962,4.0012016207521,-0.16376192137952522,1.5140714335090143e+18,
   Gam TrA,-0.87180889775894,4.009507714220841,-1.1986828316790497,1.7286709140007665e+18,
 13Gam UMi,-2.84065112859749,4.017438811482486,1.253739345034972,4.5444441553628493e+18,
   Del Lup,-2.752495709208,4.020244950108513,-0.7094320001479163,4.828916402959898e+18,
   Phi1Lup,-1.43217255887009,4.022143000906044,-0.6328767598269696,3.088766347839206e+18,
   Eps Lup,-2.5754785966565,4.025957349918437,-0.7799801926038208,4.769208008487444e+18,
 12Iot Dra,0.81031441339346,4.035767305464494,1.0291512575814823,9.666909716451656e+17,
  3Bet CrB,0.941830165645215,4.048425873969254,0.5079866595296841,1.078908245276704e+18,
  5Alp CrB,0.419921240207943,4.078339187210916,0.4662631460298083,7.069135352786637e+17,
 13Del Ser,-0.242744927675523,4.078848295390399,0.18393779174596386,1.9856355093252076e+18,
   Gam Lup,-3.40166077655185,4.080322380405347,-0.7184943693906883,5.366395793898038e+18,
 38Gam Lib,0.564097332479185,4.082000731774632,-0.25812640609284504,1.4405590950006408e+18,
 39Ups Lib,-0.27862992852871,4.088539844309342,-0.4910496240578406,1.841096409004398e+18,
 40Tau Lib,-2.01448012679436,4.0956612065365,-0.5197187227935501,4.2096556364138716e+18,
  8Gam CrB,0.568981534485117,4.113496572573655,0.4589433011203898,1.3726323761082621e+18,
 24Alp Ser,0.873751063490097,4.120140279199779,0.1121464750912912,6.927879617178648e+17,
 28Bet Ser,0.29291724857101,4.128519249764102,0.2691633860479849,1.4479951109767094e+18,
 32Mu  Ser,0.144883386714118,4.143503688535965,-0.05986725635204592,1.4735805069204257e+18,
 37Eps Ser,2.0421218625938,4.148712441301635,0.0781485100307892,6.651600736131427e+17,
  5Chi Lup,-0.028484085092074,4.149341526904559,-0.5869036980694526,1.9455722455809398e+18,
   Bet TrA,2.37884957366385,4.167614126717273,-1.1070579765044841,3.7982244971582554e+17,
 41Gam Ser,3.61928149112493,4.173299987923255,0.27340117200819786,3.43158094027064e+17,
  5Rho Sco,-1.62270839301944,4.175197481088091,-0.5098807007823251,3.871615535120911e+18,
  6Pi  Sco,-2.85370825640462,4.1837811578297215,-0.45577602786671906,4.346024762663895e+18,
   Eta Lup,-2.4789927025718,4.1893240189741014,-0.6701478034910566,4.668196038564856e+18,
  7Del Sco,-3.16221985379412,4.190245497841282,-0.3948217553237898,3.8000955437085865e+18,
  8Bet1Sco,-3.49562442112292,4.21251467474826,-0.3456693150579764,5.017361921124174e+18,
  9Ome1Sco,-1.63754637413759,4.218492251158086,-0.36074445562400675,4.0073734824563287e+18,
 14Nu  Sco,-1.63339699092301,4.241131209228354,-0.3396523619258301,4.130759814580155e+18,
  1Del Oph,-0.858022476287371,4.251386891322109,-0.06447203705739889,1.6104789047449736e+18,
   Del TrA,-2.53920348297022,4.2561501793394685,-1.1115242607958356,5.877481107602595e+18,
  2Eps Oph,0.640077882253558,4.26872924984213,-0.08190146167622239,1.0170328218494948e+18,
 22Tau Her,-1.0111062180548,4.274925685304169,0.80831906352588,2.975581081476732e+18,
 20Sig Sco,-3.8630851494269,4.281243386242635,-0.4466777973438064,6.949724282638213e+18,
 20Gam Her,-0.147718316603766,4.28443742254959,0.33428329298891546,1.8488182034100488e+18,
 14Eta Dra,0.581546927179399,4.293474096007916,1.073623151351916,8.299294194436179e+17,
 21Alp Sco,-5.27803120088516,4.317105902076473,-0.4613244868056085,5.714217743502531e+18,
 27Bet Her,-0.500988334191725,4.320654312652746,0.3750651214212607,1.398132116670307e+18,
 10Lam Oph,0.284601498000031,4.323678064165899,0.0346290874626633,1.5719192977541363e+18,
   Gam Aps,0.412404457313376,4.334777117279486,-1.3770117073280326,1.50962699681574e+18,
 23Tau Sco,-2.7787911205226,4.345357831167173,-0.4924614308381556,4.0654513590136586e+18,
 13Zet Oph,-3.19760003181572,4.3509262020439,-0.18443159146804533,4.333816827937311e+18,
 40Zet Her,2.64375832025689,4.368957422821063,0.5515569771205286,3.331185988871162e+17,
 44Eta Her,0.800211027194054,4.375957752573247,0.6793250979526835,1.060006039674121e+18,
   Alp TrA,-3.61565171627374,4.401128834322308,-1.2047595061384748,3.930799466867983e+18,
   Eta Ara,-1.14274635244732,4.406019076716794,-1.0304653672879889,2.9641475326526116e+18,
 26Eps Sco,0.778325813238373,4.4077013943468035,-0.59851895046074,6.189924937796136e+17,
   Mu 1Sco,-4.00604746618442,4.41511860035415,-0.6640511306999963,7.772487610809494e+18,
   Mu 2Sco,-2.43985320377933,4.4171486111331015,-0.6635301610883833,4.890138797926114e+18,
   Zet2Sco,0.299294556599091,4.426962572209791,-0.7393347209863474,1.4239398161012332e+18,
 27Kap Oph,1.0883464677736,4.440428181833338,0.16362559929670556,8.12234162014047e+17,
   Zet Ara,-3.1082583214449,4.444570442432931,-0.9772108095189771,5.432530953329876e+18,
 58Eps Her,0.429488585976041,4.451855405715518,0.5397664456757867,1.5397592722012823e+18,
 22Zet Dra,-1.91864383480216,4.488930479447868,1.146936778214099,3.2142474807201874e+18,
 35Eta Oph,0.37247900503605,4.495870878084197,-0.2744556004584855,7.958931084579223e+17,
   Eta Sco,1.61291857703531,4.503616760132956,-0.7546540208974271,6.772777834704508e+17,
 64Alp1Her,-2.56525484416239,4.514502271339896,0.2511572974884525,3.6174414788879027e+18,
 65Del Her,1.21285514060065,4.516179368690112,0.4335325847923648,7.426420172061053e+17,
 67Pi  Her,-2.09549119514893,4.516247007179944,0.6424409543393222,3.4709534100015473e+18,
 42The Oph,-2.91660718136282,4.5466251766505685,-0.4363233763892134,5.329322247826192e+18,
   Bet Ara,-3.49401367446715,4.560981461825329,-0.9691782613293689,5.703655418653168e+18,
   Gam Ara,-4.40059051633004,4.561393261790362,-0.983976284450887,1.0751489830980387e+19,
 23Bet Dra,-2.43396731229029,4.583378378507596,0.9128309179921018,3.420928582584653e+18,
 34Ups Sco,-3.30674677277365,4.584822778089961,-0.6509334627602767,4.905687728921085e+18,
   Del Ara,-0.194759246641778,4.586287265539353,-1.059128738376692,1.7713418952304077e+18,
   Alp Ara,-1.51477470056021,4.589526642882279,-0.8705000964095766,2.292479629636975e+18,
 35Lam Sco,-5.04741009722559,4.597235535295535,-0.6475825735389134,6.650167201490011e+18,
 55Alp Oph,1.30052115348757,4.6030153589197935,0.21922340435445248,4.4182095954916525e+17,
   The Sco,-2.74590408450576,4.613423413493234,-0.7504535572324716,2.573542603412319e+18,
 55Xi  Ser,0.991899600015895,4.61459419868143,-0.2687529252740874,9.976325837346802e+17,
 85Iot Her,-2.08887053193022,4.622787587513722,0.8029617984252295,4.689479607129726e+18,
   Kap Sco,-3.37522337490088,4.63597844915175,-0.6812006268470144,4.389299546929393e+18,
 60Bet Oph,0.758323893942084,4.64027611386794,0.07970773552277508,7.756856665388065e+17,
   Eta Pav,-1.67005562463114,4.650139078554038,-1.1296422712116458,3.5104409345749473e+18,
 86Mu  Her,3.79864699870449,4.6533182315657955,0.4838488873978952,2.5919173301061475e+17,
   Iot1Sco,-5.70964306007463,4.658216951024459,-0.7003479542649005,1.6954272425776744e+19,
 62Gam Oph,1.43405432995771,4.659561793535632,0.04725406954943002,8.964780887540284e+17,
          ,0.240510383214303,4.668134063677936,-0.646528790860449,1.20018575709505e+18,
 32Xi  Dra,1.06137160894646,4.684145879169346,0.992611543874961,1.0545719690674523e+18,
 91The Her,-2.70235519392683,4.696039501278883,0.6501442496562002,6.336093596491532e+18,
 33Gam Dra,-1.03803863157445,4.697581159333816,0.8986517235225598,1.3962341997698493e+18,
 92Xi  Her,0.611886517340569,4.702631908314968,0.5104725953387514,1.2793024798886287e+18,
 64Nu  Oph,-0.033010603194787,4.708141835096363,-0.17057713173739883,1.4452822395744123e+18,
 67    Oph,-4.26136081991204,4.715204452158892,0.05116585575610559,1.3415989484745083e+19,
 10Gam2Sgr,0.633559189908285,4.737734404818062,-0.5309928641961034,9.091566238925676e+17,
   The Ara,-3.81072064152084,4.741323540907101,-0.874260810232325,9.582849631960773e+18,
 72    Oph,1.68748110912787,4.744460908118572,0.1669172412222149,7.831668988556783e+17,
103Omi Her,-1.29667203866944,4.7452993991978145,0.5019998068694166,3.286131609681972e+18,
 13Mu  Sgr,-10.9530365742089,4.77244348229114,-0.3675459255282782,2.805161437719427e+20,
   Eta Sgr,-0.200756084811814,4.789309216699717,-0.6416053912244324,1.410917961358652e+18,
 19Del Sgr,-2.13917790287765,4.803991248380741,-0.5205974924067379,2.891919007958172e+18,
 44Chi Dra,4.01903387807587,4.804188859794638,1.2694425007934964,2.4862441233513568e+17,
 58Eta Ser,1.84358083744247,4.805394707774842,-0.05056431773196316,5.842979703638282e+17,
109    Her,0.874168583099691,4.815782776583018,0.37996415573732073,1.2148336935005402e+18,
 20Eps Sgr,-1.4442672689301,4.817861139090903,-0.6001195008115571,1.3683714330338673e+18,
   Alp Tel,-0.926961280058757,4.83008454988925,-0.802298696006118,2.359080719794625e+18,
 22Lam Sgr,0.946562254808369,4.834436181931243,-0.4436844656977845,7.312032183628846e+17,
   Alp Sct,0.211529222010433,4.866009795474399,-0.1438728691721143,1.648332041394962e+18,
  3Alp Lyr,0.581769913320011,4.873554573705426,0.6768909235477754,2.3932968133804157e+17,
 27Phi Sgr,-1.0777529526956,4.911600349825851,-0.47107796820945963,2.1822330845059187e+18,
 10Bet Lyr,-3.63899137966502,4.930903758548085,0.5822885762882817,8.339669139165856e+18,
 34Sig Sgr,-2.1371779673849,4.95352924703985,-0.4589621522471077,2.1221991619610524e+18,
 37Xi 2Sgr,-1.7674794691596,4.964282149002889,-0.36838008854004217,3.522462992570072e+18,
 14Gam Lyr,-3.19518440502362,4.9695795758392,0.5705403329495851,6.003263777220553e+18,
 38Zet Sgr,0.417998644407656,4.985585616036115,-0.5215063752327078,8.428510192546775e+17,
 39Omi Sgr,0.614415083888029,4.994618451515417,-0.37945822004281843,1.3136132743683983e+18,
 17Zet Aql,0.955322158293588,4.997794850397614,0.24196738307460333,7.875644669452206e+17,
 16Lam Aql,0.509038638177717,5.001455494371437,-0.08521281325590864,1.184521144526437e+18,
 40Tau Sgr,0.484045025165841,5.004472905103418,-0.4829293605069491,1.1390467262795757e+18,
 41Pi  Sgr,-2.77090896010336,5.016791401439415,-0.3669297375594603,4.1642072624714875e+18,
 57Del Dra,0.6320877430042,5.02895934480147,1.1809127570129474,9.48272151656843e+17,
  1Kap Cyg,0.914589903838312,5.048809183823912,0.9314501189012442,1.165286095729369e+18,
 44Rho1Sgr,1.05986356804104,5.068754325677494,-0.31149330197916136,1.1518020087687073e+18,
   Bet1Sgr,-1.36246367087644,5.07296575105735,-0.7759543636167602,3.5796723683194424e+18,
   Alp Sgr,0.376506143517748,5.078410076148149,-0.7088767555859197,1.6071237403600876e+18,
 30Del Aql,2.42623650448803,5.085435119762542,0.054359662377729746,4.7435473966047206e+17,
 10Iot2Cyg,0.886855832194707,5.103803739736718,0.9028495276548011,1.158722336271638e+18,
  6Bet1Cyg,-2.31314818480488,5.108235854146506,0.48798873211273747,3.647373027767565e+18,
 18Del Cyg,-0.738246534769972,5.17042461534813,0.7876791682308001,1.61807948688588e+18,
 50Gam Aql,-3.02983371155115,5.176033525860058,0.18523648303932538,4.3583016687731113e+18,
  7Del Sge,-2.00934310343481,5.180956448672124,0.3234838460617868,4.2385681064441784e+18,
 63Eps Dra,0.591240091670814,5.184370629466284,1.2264050847576962,1.3775346345943603e+18,
 53Alp Aql,2.20392806201252,5.1957493393039105,0.15476506272116106,1.586956172336643e+17,
 55Eta Aql,-3.90977602040962,5.203143844686339,0.017552397027260514,1.10995596456524e+19,
 60Bet Aql,3.02512648114735,5.2155358516724375,0.11183953503131724,4.2298527505022304e+17,
 21Eta Cyg,0.736079287050715,5.21987226793401,0.6123224273786064,1.318665633115969e+18,
 12Gam Sge,-1.11226519303735,5.230561790883255,0.34020119868601106,2.5930063710011525e+18,
   Eps Pav,1.40781280128189,5.238561631428148,-1.272522776539805,1.0041254739639983e+18,
   Del Pav,4.62064130911705,5.273938493689655,-1.1550470483587592,1.8846134376665072e+17,
 65The Aql,-1.483108343125,5.285312561824136,-0.014337455515592257,2.716265476664938e+18,
 31    Cyg,-4.28991478712566,5.2954673150179055,0.8157900035085057,1.2803641416976652e+19,
 32    Cyg,-3.69826334793921,5.303496964041093,0.8327699824575288,1.0495501977861812e+19,
  6Alp2Cap,0.966329977124264,5.314761623593419,-0.21894908973418603,1.0282164550121202e+18,
  9Bet Cap,-2.06595831330967,5.327664550410764,-0.2579841188237079,3.2549341576913326e+18,
 37Gam Cyg,-6.11793113325404,5.332977158993574,0.7026116381016896,1.4419054119118545e+19,
   Alp Pav,-1.80789998845553,5.347896058906696,-0.9902104691157182,1.733526731174928e+18,
  6Bet Del,1.26457573769933,5.399821066739441,0.2547343454270918,9.213728221831514e+17,
   Alp Ind,0.649953624098457,5.399902509910992,-0.8253952174470707,9.579874515651555e+17,
  9Alp Del,-0.570303523947877,5.40893930641503,0.2777177103658535,2.2772528276689088e+18,
 50Alp Cyg,-8.72839313108678,5.416768482557011,0.7902909187169914,3.055126318308287e+19,
   Bet Pav,0.294657769890941,5.432159540284022,-1.155464483119282,1.3014245387985526e+18,
  3Eta Cep,2.62709832602459,5.433593106607721,1.0792556548756063,4.425179379738074e+17,
 53Eps Cyg,0.758572748093549,5.4376047162228325,0.5928788058855848,6.817670308200116e+17,
  2Eps Aqr,-0.45702961036265,5.444011554616858,-0.16573105315430525,2.1714831678334774e+18,
   Bet Ind,-2.66401367446715,5.475140012334982,-1.0202164137875671,5.703655418653168e+18,
 58Nu  Cyg,-1.2481533216499,5.485454329637622,0.7185030763147278,3.3649700997724856e+18,
 62Xi  Cyg,-4.06760115467776,5.519302382958149,0.766685637115208,1.1139630258091596e+19,
 64Zet Cyg,-0.115721551913542,5.554232657351973,0.527562091603942,1.427232923909053e+18,
 65Tau Cyg,2.13713948306059,5.5623168103897065,0.6639986531872449,6.45539242989826e+17,
  8Alp Equ,0.136430730417231,5.566829221289727,0.09159616894297963,1.7622373395153441e+18,
  5Alp Cep,1.57518220610677,5.578841799805093,1.0923222586702026,4.6165134373000794e+17,
 34Zet Cap,-1.66358049119791,5.61414444194016,-0.39115234264127285,3.767616094617054e+18,
  8Bet Cep,-3.07609720757815,5.622838168672445,1.2315164469293747,5.630798506371127e+18,
 22Bet Aqr,-3.46636395486714,5.6354878517059825,-0.09723501412050672,5.789263755143299e+18,
 73Rho Cyg,1.07150645659873,5.646058161686001,0.7957316582033758,1.17773953492037e+18,
 40Gam Cap,0.543490462877884,5.67270856705576,-0.29081118315521853,1.3141727348770747e+18,
   Nu  Oct,2.10062991371354,5.678754014956873,-1.3507009208650298,6.534683569443823e+17,
  8Eps Peg,-4.19129130698868,5.690583509306369,0.1723514016899839,6.362221817507971e+18,
 49Del Cap,2.48633840405441,5.703029520270182,-0.28146167286750723,3.648235494787613e+17,
   Gam Gru,-0.969920616183277,5.733090548580421,-0.6521391840295759,1.9201478416249958e+18,
 34Alp Aqr,-3.88265772210207,5.784822921805628,-0.005582026507327195,7.175994375561334e+18,
 24Iot Peg,3.41862689189002,5.790164302141158,0.44235450351474803,3.6276482265358336e+17,
   Alp Gru,-0.733419799617932,5.795502237196744,-0.819617366742999,9.594768599164714e+17,
 26The Peg,1.16265530317706,5.804079319211795,0.10817182439388684,9.137333673353192e+17,
 21Zet Cep,-3.34876829498338,5.806947632574431,1.0158034398800864,6.872333143633341e+18,
   Alp Tuc,-1.05313423608289,5.840320967683056,-1.0517265908955995,1.8792189899460216e+18,
 48Gam Aqr,0.436702383136442,5.854074289597807,-0.02421388035541477,1.492829018621852e+18,
 55Zet1Aqr,1.14361985373952,5.8853811766886865,-0.00035016610595932314,9.786481387540013e+17,
   Del1Gru,-0.817122437799047,5.887297658163119,-0.7591406330385762,2.797531805522549e+18,
  7Alp Lac,1.27622885732556,5.896113147790669,0.8775943042806326,9.685114819495813e+17,
 42Zet Peg,-0.618816256380853,5.940495348741777,0.1890434374407433,1.9729396301095716e+18,
   Bet Gru,-1.51688943560969,5.945750248885536,-0.8182900440213903,1.6096388009866314e+18,
 44Eta Peg,-1.16364114220269,5.947218775899481,0.5274613403784755,2.0327256795068324e+18,
 47Lam Peg,-1.44509976339809,5.962615038198322,0.4112986958248689,3.735687144662662e+18,
   Eps Gru,0.493553183866157,5.9714402039312455,-0.8956454380428296,1.2264219322302743e+18,
 32Iot Cep,0.756629042447598,5.976364579729913,1.1554203721913656,1.0915025049491939e+18,
 48Mu  Peg,0.741909061112211,5.977759983556851,0.4293804023450402,1.1039991347017414e+18,
 73Lam Aqr,-1.66677499296606,5.989160192360204,-0.13229035095454691,3.704294815715928e+18,
 76Del Aqr,-0.177595542686624,5.998044993375674,-0.27612435112062056,1.50962699681574e+18,
 24Alp PsA,1.74105264124996,6.011119424971966,-0.5169985863136125,2.372138362155113e+17,
  1Omi And,-3.01489546435552,6.029766879620105,0.7387276867458575,6.551332444779993e+18,
 53Bet Peg,-1.48975660294029,6.0378453463751365,0.49013129516089304,1.884958815816354e+18,
 54Alp Peg,-0.66763580779819,6.042156561827639,0.2653837331339242,1.3209236222137715e+18,
 88    Aqr,-0.595572908564288,6.0626020206372635,-0.36952958367842254,2.2103707603806385e+18,
   Iot Gru,0.11126156149661,6.066577433869018,-0.7897029738406622,1.750242530624713e+18,
  6Gam Psc,0.68274018993566,6.096252808119083,0.05728598629591149,1.238233379410663e+18,
   Gam Tuc,2.27527926428552,6.097439515946045,-1.016408679922105,6.796646655267343e+17,
 98    Aqr,0.480297331087996,6.121618830928288,-0.35081720190944427,1.5321139927961126e+18,
 16Lam And,1.75079808191546,6.185280166562393,0.8108655926287206,7.965094428217266e+17,
 35Gam Cep,2.51169003285497,6.193081377293769,1.354933425633459,4.2561070089536256e+17,
 ,0.400616536489542,1.381738250010118,0.8029685429565769,3.9923374065097146e+17,
 66Alp Gem,1.85598917229574,1.9836481571271418,0.5566183593269699,4.876999496588225e+17,
 29Gam Vir,3.15505434487826,3.323461978096255,-0.025295582794467524,3.650393447878117e+17,
 79Zet UMa,2.0350017056045,3.507823435247085,0.9585503968731962,7.453327491525055e+17,
 ,1.34247900503605,4.495815145173901,-0.27450909106699184,7.958931084579223e+17,
